"id_proveedor","nombre","contacto","telefono","email"
"1","Mathews-Lawson","Shawn Rivera","940542398","shawn.rivera@marketplace.com"
"2","Sims-Peters","Jessica Paul","986403910","jessica.paul@empresa.com"
"3","Mooney, Kelley and Kelley","Nathan Mercer","956488243","nathan.mercer@empresa.com"
"4","Rodriguez, Strong and Phelps","Nathan Hernandez","919248588","nathan.hernandez@marketplace.com"
"5","Hull-Manning","Christopher Murray","969412294","christopher.murray@empresa.com"
"6","Atkinson-Williams","Julie Ramsey","904523495","julie.ramsey@negocio.net"
"7","Tucker-Chen","William Stevenson","951103732","william.stevenson@empresa.com"
"8","Guerra-Sexton","Nancy Fowler","943775823","nancy.fowler@proveedor.org"
"9","Woods, Mccarty and Lamb","Juan Davis","949662337","juan.davis@empresa.com"
"10","Bradshaw-Davis","Sierra Alvarez","958538268","sierra.alvarez@proveedor.org"
"11","Nguyen and Sons","Donald Gay","975232686","donald.gay@marketplace.com"
"12","Fischer Inc","Jordan Robertson","978230010","jordan.robertson@negocio.net"
"13","Christensen, Guzman and Lee","Mr. Stuart Alexander","979425640","mr..stuart.alexander@empresa.com"
"14","Jones Group","Mr. Paul Roberts","935303998","mr..paul.roberts@negocio.net"
"15","Patterson, Hopkins and Cherry","Michael Hamilton","971301897","michael.hamilton@proveedor.org"
"16","Johnston-Castaneda","Jamie Meadows","902937720","jamie.meadows@proveedor.org"
"17","Parsons LLC","Gregory Wells","911206007","gregory.wells@proveedor.org"
"18","Hernandez-Benjamin","Amy Peterson","901531087","amy.peterson@empresa.com"
"19","Merritt, Galvan and Berg","James Vazquez","996296937","james.vazquez@negocio.net"
"20","Hays Group","Sandra Daniels","991599738","sandra.daniels@negocio.net"
"21","King Group","Philip Pennington","966605584","philip.pennington@proveedor.org"
"22","Sanchez Ltd","Edward Woods","988649587","edward.woods@negocio.net"
"23","Tucker-Johnson","David Jennings","938718012","david.jennings@empresa.com"
"24","Fitzpatrick and Sons","Tamara Howard","920140153","tamara.howard@proveedor.org"
"25","Mcguire, King and West","Ashley Nelson","964126654","ashley.nelson@marketplace.com"
"26","Andrade-Phillips","Anthony Skinner","909227402","anthony.skinner@marketplace.com"
"27","Jones, Peck and Anderson","Joshua Perez","983497625","joshua.perez@empresa.com"
"28","Wilcox Group","Dr. Kimberly Lewis","954368897","dr..kimberly.lewis@marketplace.com"
"29","Davis, Gonzales and Huynh","Bianca Baldwin","986033207","bianca.baldwin@marketplace.com"
"30","Griffin and Sons","Wayne Erickson","914127916","wayne.erickson@empresa.com"
"31","Hart-Page","Tammy Mcintosh","947774620","tammy.mcintosh@proveedor.org"
"32","Gaines LLC","Morgan Yang","944571875","morgan.yang@empresa.com"
"33","Singh Ltd","Kenneth Jennings","938058632","kenneth.jennings@empresa.com"
"34","Smith LLC","Jessica Rogers","919522494","jessica.rogers@negocio.net"
"35","Garcia, Moody and Reyes","Daniel Foster","955869972","daniel.foster@marketplace.com"
"36","Green-Thomas","John Molina","968658455","john.molina@marketplace.com"
"37","Jones-Walsh","Mark Jones","946409446","mark.jones@empresa.com"
"38","Bishop-Carroll","William Roman","997589601","william.roman@empresa.com"
"39","Colon-Jensen","Adam Brown","983944724","adam.brown@marketplace.com"
"40","Marshall Inc","Seth Johnson","921882732","seth.johnson@marketplace.com"
"41","Logan, Williams and Torres","Mary Burns","957010814","mary.burns@proveedor.org"
"42","Davis, Powell and Wright","Joshua Day","977014480","joshua.day@negocio.net"
"43","Mays-Arnold","Amber Bryant","915208400","amber.bryant@empresa.com"
"44","Adkins-Scott","Kristin Morris","954461157","kristin.morris@negocio.net"
"45","Moore, Barnes and Clark","Miss Colleen Munoz","979864981","miss.colleen.munoz@marketplace.com"
"46","Vazquez, Perez and Ortega","Rachel Walters","968648811","rachel.walters@marketplace.com"
"47","Ferrell, Diaz and Burns","Mr. Gregg Velasquez","908405755","mr..gregg.velasquez@marketplace.com"
"48","English-Choi","Katrina Barnes","998792656","katrina.barnes@negocio.net"
"49","Thompson-Alvarez","Debbie Edwards","995041200","debbie.edwards@proveedor.org"
"50","Garcia, Anderson and Alvarado","Erin Perez","903526691","erin.perez@empresa.com"
"51","Morales-Vazquez","Meghan Turner","979290492","meghan.turner@marketplace.com"
"52","Perkins, Norton and Baxter","Kelly Hammond","906155785","kelly.hammond@marketplace.com"
"53","Rodriguez and Sons","Maria Miller","913984436","maria.miller@negocio.net"
"54","Blackburn, Taylor and Branch","Cindy Bryant","962376454","cindy.bryant@negocio.net"
"55","Scott, Frazier and Harrison","Sherry Sawyer","999059430","sherry.sawyer@negocio.net"
"56","Richards-Cox","Jason Williams","900353028","jason.williams@marketplace.com"
"57","Cox-Ware","Jill Taylor","950210290","jill.taylor@negocio.net"
"58","Mooney LLC","Amanda Davis","983143103","amanda.davis@marketplace.com"
"59","Savage-White","Christopher Williams","966461307","christopher.williams@negocio.net"
"60","Johnson-Brown","Jean Mcdonald","938546901","jean.mcdonald@negocio.net"
"61","Rivera Inc","Caitlin Gray","996648484","caitlin.gray@marketplace.com"
"62","Taylor PLC","Christopher Rodriguez","939654388","christopher.rodriguez@proveedor.org"
"63","Harrison, Chang and Baker","Ann Patel","961305769","ann.patel@proveedor.org"
"64","Atkinson, Odonnell and Mclaughlin","Katherine Sherman","958454491","katherine.sherman@empresa.com"
"65","Weaver-Carr","Christopher Robbins","908908945","christopher.robbins@negocio.net"
"66","Holmes-Fleming","Samantha Sparks","971053645","samantha.sparks@proveedor.org"
"67","Mcbride-Gomez","David Smith","949924902","david.smith@empresa.com"
"68","George Inc","Sonya Simpson","964409443","sonya.simpson@empresa.com"
"69","Reyes, Lane and Brown","William Pierce","960348304","william.pierce@negocio.net"
"70","Arnold-Clark","Sherry Fitzgerald","958695908","sherry.fitzgerald@marketplace.com"
"71","Miller Ltd","Bradley Diaz","954699350","bradley.diaz@proveedor.org"
"72","Cuevas, Moody and Moreno","Ann Harrison DVM","952545998","ann.harrison.dvm@empresa.com"
"73","Ramirez, Wilson and Moreno","Cody Ramsey","988823342","cody.ramsey@proveedor.org"
"74","Williams, Gaines and Tapia","Jessica Terry","932854626","jessica.terry@negocio.net"
"75","Tucker Ltd","Scott Price","994406148","scott.price@empresa.com"
"76","Warner-Ochoa","Russell Anderson","950801536","russell.anderson@negocio.net"
"77","Smith, Gates and Atkinson","Tanya Patton","987489446","tanya.patton@proveedor.org"
"78","Smith, Cook and Hall","Travis Wallace","928468414","travis.wallace@negocio.net"
"79","Dillon PLC","Emily Ford","912826182","emily.ford@negocio.net"
"80","Vargas and Sons","Jessica Wilson","921520054","jessica.wilson@marketplace.com"
"81","Jackson PLC","William Jackson","975287271","william.jackson@empresa.com"
"82","Dunlap Group","Andrew Curtis","952549793","andrew.curtis@proveedor.org"
"83","Petersen, Williams and Patton","Mark Ellis","955703777","mark.ellis@proveedor.org"
"84","Webb, Nicholson and Fowler","Debbie Wood","905898825","debbie.wood@negocio.net"
"85","Garcia, Trevino and Mayo","Joseph Mccarthy","930530613","joseph.mccarthy@proveedor.org"
"86","Fisher Group","Mike Daniel","977077262","mike.daniel@proveedor.org"
"87","Peterson LLC","Jeffrey Garcia","985009013","jeffrey.garcia@marketplace.com"
"88","Perez PLC","Alicia Robbins","917211307","alicia.robbins@negocio.net"
"89","Lopez and Sons","Anne Cole","975382183","anne.cole@negocio.net"
"90","Carpenter-Dunn","Tara Anderson","947363704","tara.anderson@negocio.net"
"91","Meyers-Watts","Jesse Baker","943277643","jesse.baker@proveedor.org"
"92","Wells, Shepherd and Jones","Sarah Yu","934155878","sarah.yu@marketplace.com"
"93","Rodriguez, Stewart and Torres","Austin Castillo","906506818","austin.castillo@proveedor.org"
"94","Hancock-Wilson","Michael Thomas","901434298","michael.thomas@marketplace.com"
"95","Ruiz Ltd","Vincent Stone","964083768","vincent.stone@negocio.net"
"96","Pugh-Curry","Bailey Dunn","937643419","bailey.dunn@proveedor.org"
"97","Horne PLC","Ryan Mckenzie","955719313","ryan.mckenzie@marketplace.com"
"98","Kerr, Smith and Robinson","Shannon Hanna","959519965","shannon.hanna@negocio.net"
"99","Goodman, Mcknight and Howell","Sara Rios","984128584","sara.rios@empresa.com"
"100","Shaffer, Brown and King","Amy Soto","958064705","amy.soto@marketplace.com"
"101","Kelly-Baker","Jacqueline Allen","976169910","jacqueline.allen@empresa.com"
"102","Parker Group","Tami Martinez DVM","916580539","tami.martinez.dvm@empresa.com"
"103","Hernandez PLC","Nancy Jones","930487124","nancy.jones@proveedor.org"
"104","Pace-Johnson","Megan Edwards","924412582","megan.edwards@marketplace.com"
"105","Fowler-Diaz","Daniel Aguilar","944378200","daniel.aguilar@negocio.net"
"106","Reyes-Miller","Mario Salazar","991965393","mario.salazar@negocio.net"
"107","Reed Inc","James Phillips","903051105","james.phillips@negocio.net"
"108","Jackson-Adams","Kevin Jones","986730820","kevin.jones@proveedor.org"
"109","Vargas, Sullivan and Rodriguez","Keith Marshall","979063227","keith.marshall@proveedor.org"
"110","Gutierrez, Smith and Wright","Sara Miller","997140696","sara.miller@proveedor.org"
"111","Wang, Morgan and Sanchez","Catherine Harris","997940855","catherine.harris@marketplace.com"
"112","Vargas and Sons","Christopher Noble","954609850","christopher.noble@proveedor.org"
"113","Ford, Pineda and Hebert","Emily Cooper","981362957","emily.cooper@empresa.com"
"114","Allen, Nelson and Evans","Rebecca Mendoza","953442254","rebecca.mendoza@marketplace.com"
"115","Wright-Melton","Caitlin Nelson","911781863","caitlin.nelson@proveedor.org"
"116","Moore-Norton","Michael Lopez","997206892","michael.lopez@marketplace.com"
"117","Rose, Oconnell and Ford","Jason Ray","921385135","jason.ray@negocio.net"
"118","Brown Group","Mark Hawkins","985835308","mark.hawkins@marketplace.com"
"119","Luna-Ferguson","Michaela Andrade","940686170","michaela.andrade@negocio.net"
"120","Ball Inc","Douglas Hall","903212829","douglas.hall@empresa.com"
"121","Turner PLC","Mary Robinson","987189049","mary.robinson@negocio.net"
"122","Adkins-Ortega","Timothy Sellers","983818880","timothy.sellers@empresa.com"
"123","Wolf, Gibson and Morrison","Stephanie Cummings","960149679","stephanie.cummings@marketplace.com"
"124","Campos, Munoz and Daniels","Willie Anderson","975191388","willie.anderson@proveedor.org"
"125","Callahan-George","Zachary Montgomery","913740869","zachary.montgomery@marketplace.com"
"126","Hernandez-Wright","Debbie Jackson","986734975","debbie.jackson@negocio.net"
"127","Bryant, Gentry and Turner","Max Pugh","900735691","max.pugh@empresa.com"
"128","Phillips Ltd","Christina Mckay DDS","903351058","christina.mckay.dds@empresa.com"
"129","Willis Group","Ashley Roth","901038853","ashley.roth@empresa.com"
"130","Mann-Mccormick","Jillian Armstrong","931031821","jillian.armstrong@marketplace.com"
"131","Durham-Stevenson","Theresa Gutierrez","900694236","theresa.gutierrez@negocio.net"
"132","Brewer-Ferguson","Joseph Miller","932986854","joseph.miller@negocio.net"
"133","Brooks-Walker","Rebecca Gordon","900293627","rebecca.gordon@proveedor.org"
"134","Ferrell Group","Suzanne Lopez","915437487","suzanne.lopez@marketplace.com"
"135","Rose, Mcgee and Roach","Linda Merritt","937007965","linda.merritt@empresa.com"
"136","Ruiz, Davis and Fox","Jonathan Mcclain","976890821","jonathan.mcclain@proveedor.org"
"137","Watson-Calderon","Robert Phelps","995171161","robert.phelps@proveedor.org"
"138","Moran, Brady and Turner","Sheri Jones","972591426","sheri.jones@proveedor.org"
"139","Whitehead-Mitchell","Melinda Steele","928937217","melinda.steele@marketplace.com"
"140","Carlson Group","Christopher Saunders","919507891","christopher.saunders@negocio.net"
"141","Lopez PLC","Jillian Brown","914681273","jillian.brown@empresa.com"
"142","Fisher-Gonzalez","Alison Mitchell","951680354","alison.mitchell@empresa.com"
"143","Clark Group","Mark Allen","946671805","mark.allen@negocio.net"
"144","Donovan-Lynn","Robert Olsen Jr.","936323456","robert.olsen.jr.@marketplace.com"
"145","Thompson and Sons","Sandra Barry","951219085","sandra.barry@empresa.com"
"146","Berry, Shelton and Jones","Belinda Goodwin","909529936","belinda.goodwin@proveedor.org"
"147","Davis-Pierce","Brandy King","908951571","brandy.king@empresa.com"
"148","Dorsey, Cooper and Sanchez","William Morgan","942701860","william.morgan@marketplace.com"
"149","Grant, Edwards and Estrada","Mackenzie Morales","997648462","mackenzie.morales@proveedor.org"
"150","Edwards-Cunningham","Steven Parks","912910387","steven.parks@proveedor.org"
"151","Elliott, Bradford and Herrera","Juan Green","923920995","juan.green@proveedor.org"
"152","Johnson and Sons","Mrs. Emily Walters DDS","941688157","mrs..emily.walters.dds@negocio.net"
"153","Collins, Chan and Rios","John Li","945617015","john.li@marketplace.com"
"154","Haas-Rivera","Amber Davis","907841890","amber.davis@marketplace.com"
"155","Livingston-Bray","Lisa Tran","969581987","lisa.tran@proveedor.org"
"156","Robertson-Chaney","Jessica Ellis","969471335","jessica.ellis@empresa.com"
"157","Miller-Walker","Patrick Watts","932343833","patrick.watts@empresa.com"
"158","Thomas-Dean","Erica Conrad","900826518","erica.conrad@empresa.com"
"159","Ryan-Zuniga","Melissa Mora","946845020","melissa.mora@empresa.com"
"160","Mcdonald-Jackson","Steven Cook","934083890","steven.cook@marketplace.com"
"161","Thomas-Kent","Raymond Owens","985212314","raymond.owens@marketplace.com"
"162","Nichols Inc","Sarah Stokes","984176223","sarah.stokes@empresa.com"
"163","Walker-Ortiz","Timothy Freeman","929980133","timothy.freeman@marketplace.com"
"164","Wilson Group","Theresa Myers","995160292","theresa.myers@proveedor.org"
"165","Peterson LLC","Katrina Miller","969268294","katrina.miller@negocio.net"
"166","Roberts, Barnett and Norris","Melissa Sandoval","917792781","melissa.sandoval@proveedor.org"
"167","Knight, Garner and Henry","Zachary Adams","919583855","zachary.adams@marketplace.com"
"168","Thomas, Robinson and Martin","Robert Kennedy","955144312","robert.kennedy@empresa.com"
"169","Simon Inc","Jeanette Thompson","988081141","jeanette.thompson@marketplace.com"
"170","Curtis Group","Sara Douglas","910480423","sara.douglas@negocio.net"
"171","Werner-Hansen","Justin Lozano","987772084","justin.lozano@empresa.com"
"172","Nguyen, Terry and Reed","Carol Garcia","995017697","carol.garcia@proveedor.org"
"173","Payne Ltd","Brandy Hayes","902672415","brandy.hayes@marketplace.com"
"174","Moore Ltd","Tamara Greer","908826645","tamara.greer@marketplace.com"
"175","Scott-Adams","Robert Munoz","991024968","robert.munoz@proveedor.org"
"176","Martinez, Estes and Richardson","Pamela Thompson","943576075","pamela.thompson@marketplace.com"
"177","Rivera-Holt","Heather Hamilton","952602176","heather.hamilton@empresa.com"
"178","Ramirez-Hanson","Teresa Murphy","972959909","teresa.murphy@negocio.net"
"179","Ford, Lewis and Bennett","Matthew Miller","971732294","matthew.miller@proveedor.org"
"180","Howell LLC","Ryan Gibson","908308532","ryan.gibson@marketplace.com"
"181","Williams, Kane and Barr","Angela Guerra","979123275","angela.guerra@marketplace.com"
"182","Green-Lopez","Mary Best","947596880","mary.best@marketplace.com"
"183","Kennedy-Gonzales","Peter Lee","997906658","peter.lee@negocio.net"
"184","Gonzalez, Nguyen and Jones","Jerry Forbes","971847652","jerry.forbes@marketplace.com"
"185","Williams-Russell","James Martin","963560817","james.martin@negocio.net"
"186","Reynolds, Vincent and King","Michele Chavez","926962912","michele.chavez@negocio.net"
"187","Meadows-Welch","Daniel Riggs","998036967","daniel.riggs@proveedor.org"
"188","Curtis, Dean and Arnold","Ricky Mcmahon","980235403","ricky.mcmahon@proveedor.org"
"189","Grant PLC","Andrew Fernandez","918755136","andrew.fernandez@marketplace.com"
"190","Humphrey-Archer","Mark Hansen","972984913","mark.hansen@negocio.net"
"191","Oliver, Rogers and Hoffman","Kimberly Stewart","924162245","kimberly.stewart@negocio.net"
"192","Cox-Ferguson","William Mejia","994383369","william.mejia@negocio.net"
"193","Miller, Crosby and Hammond","Hunter James","910285979","hunter.james@marketplace.com"
"194","Escobar Group","Robert Briggs","960223769","robert.briggs@proveedor.org"
"195","Armstrong-Ramirez","Erika Paul","968518602","erika.paul@negocio.net"
"196","Hardy PLC","James Mcfarland","942540738","james.mcfarland@proveedor.org"
"197","Wilson, Kelly and Gonzalez","Cristian Kim","900436337","cristian.kim@negocio.net"
"198","Wolf, Rowe and Cannon","Willie Davis PhD","991015557","willie.davis.phd@empresa.com"
"199","Wade Ltd","Kathryn Murray","920004528","kathryn.murray@negocio.net"
"200","Johnson, Hunter and Nguyen","Matthew Davis","981370788","matthew.davis@negocio.net"
"201","Reese, Golden and Sims","Megan Coleman","913846958","megan.coleman@negocio.net"
"202","Butler-Williams","Patricia Miller","917115265","patricia.miller@marketplace.com"
"203","Williams-Watts","Jeremy Bentley","983510772","jeremy.bentley@marketplace.com"
"204","Wilson PLC","Zoe Lowery","972486957","zoe.lowery@marketplace.com"
"205","Phillips, Jones and Robles","Rebecca Blackburn","981237754","rebecca.blackburn@empresa.com"
"206","Bell, Rivera and Coleman","Joann Wilson","967131093","joann.wilson@empresa.com"
"207","Cox, Hudson and White","Todd Baker","916988606","todd.baker@proveedor.org"
"208","Carson and Sons","John Spears","966689688","john.spears@marketplace.com"
"209","Brown, Davis and Walker","Derek Smith","940846810","derek.smith@negocio.net"
"210","Williams and Sons","Sheila Hale","996397249","sheila.hale@empresa.com"
"211","Arroyo Inc","Melissa Maddox","968992685","melissa.maddox@proveedor.org"
"212","Martin-Rivera","Chad Weaver","992473186","chad.weaver@empresa.com"
"213","Mccormick-Harrington","John Anderson","908436889","john.anderson@proveedor.org"
"214","Andrade-Roman","Jessica Mccoy","955516831","jessica.mccoy@empresa.com"
"215","Perez-Dawson","Michael Henderson","969679515","michael.henderson@marketplace.com"
"216","Kim and Sons","James Robinson","982915773","james.robinson@proveedor.org"
"217","Simpson Inc","Angela Cooper","902892544","angela.cooper@marketplace.com"
"218","Parsons-Guzman","Amber Spencer","946004753","amber.spencer@marketplace.com"
"219","Hall, Holland and Newman","John Warren","905548029","john.warren@proveedor.org"
"220","Bell-Barnes","Nicholas Neal","919483985","nicholas.neal@proveedor.org"
"221","Johnson, Hunter and Cooper","Mark Stewart","930450741","mark.stewart@proveedor.org"
"222","Jackson-Gomez","Rhonda Lopez","974701895","rhonda.lopez@proveedor.org"
"223","Vaughn and Sons","Ryan Barnes","997786606","ryan.barnes@marketplace.com"
"224","Williams, Harris and Norris","Barbara Roberts","989928368","barbara.roberts@negocio.net"
"225","Mckee, Stewart and Leon","Audrey Coleman","995137258","audrey.coleman@negocio.net"
"226","Schmitt, Hines and Walsh","Samuel Cook","996215931","samuel.cook@empresa.com"
"227","Oliver Group","Andrew Graham","969468044","andrew.graham@marketplace.com"
"228","Jackson-Acosta","Patrick Garcia","921978146","patrick.garcia@negocio.net"
"229","Weaver and Sons","Laura Sexton","947974291","laura.sexton@proveedor.org"
"230","Davis PLC","Jacqueline Johnson","934940196","jacqueline.johnson@negocio.net"
"231","Nguyen, Clark and King","Christopher Martinez","962090354","christopher.martinez@negocio.net"
"232","Reyes, Nelson and Brady","Madeline Lewis","923139114","madeline.lewis@marketplace.com"
"233","Krueger, Owens and Li","Ernest West","928686957","ernest.west@marketplace.com"
"234","Haas-Daugherty","Jeffrey Koch Jr.","933845391","jeffrey.koch.jr.@empresa.com"
"235","Ruiz, Sullivan and Lee","Ryan Harvey","924668685","ryan.harvey@empresa.com"
"236","Wells PLC","Andrew Dickson","942964681","andrew.dickson@proveedor.org"
"237","Johnston Ltd","Dawn Smith","988315918","dawn.smith@negocio.net"
"238","Stephenson LLC","Tracey Harper","994916133","tracey.harper@proveedor.org"
"239","Johnson, Wood and Garrison","Brandon Sanchez","971197824","brandon.sanchez@proveedor.org"
"240","Campbell-Reed","Alison Johnson","950163000","alison.johnson@empresa.com"
"241","Banks, Davis and Anderson","Mary Marks","971818005","mary.marks@negocio.net"
"242","Mcguire, Green and Stevens","Eric Mckinney","951902728","eric.mckinney@proveedor.org"
"243","Conner, Morales and Sharp","Ryan Henderson","911977437","ryan.henderson@proveedor.org"
"244","Dixon, Barton and Mckenzie","Alexis Smith","960454194","alexis.smith@proveedor.org"
"245","Thomas-Long","James Cochran","990867646","james.cochran@empresa.com"
"246","Garrett, Kaiser and Dominguez","Kimberly Collins","997160611","kimberly.collins@marketplace.com"
"247","Parker, Davis and Jacobs","Stephen Valentine","949288029","stephen.valentine@empresa.com"
"248","Smith Inc","David Cruz","993747542","david.cruz@negocio.net"
"249","Hansen, Mcintyre and Perez","Christopher Clark","948343229","christopher.clark@marketplace.com"
"250","Clark, Wilson and Henry","Adam Benson","918032058","adam.benson@negocio.net"
"251","Brennan, Evans and Moon","Joshua Davis","952821238","joshua.davis@empresa.com"
"252","Davis, Hamilton and White","Teresa Taylor","991668707","teresa.taylor@empresa.com"
"253","Patton, Walker and Blanchard","Dominic Perez DVM","919481707","dominic.perez.dvm@marketplace.com"
"254","Freeman LLC","Briana Gay","940813591","briana.gay@negocio.net"
"255","Waller PLC","Brandon Kirby","980070798","brandon.kirby@marketplace.com"
"256","Sharp-Campos","Lisa Jackson","984034094","lisa.jackson@empresa.com"
"257","Harvey-Johnson","Laura West","968275487","laura.west@proveedor.org"
"258","Dennis LLC","Michelle Chang","908068288","michelle.chang@empresa.com"
"259","Lopez Group","Jonathon Carpenter","963452115","jonathon.carpenter@negocio.net"
"260","Cantu-Torres","Mark Allen","934048395","mark.allen@negocio.net"
"261","Mccarthy, Williams and Santos","Morgan Douglas","999511095","morgan.douglas@negocio.net"
"262","Hurley LLC","Austin Martinez","965947956","austin.martinez@marketplace.com"
"263","Mitchell, Ballard and Combs","Michael Odom","913199406","michael.odom@negocio.net"
"264","Roberts Group","Stephanie Brown","914043030","stephanie.brown@proveedor.org"
"265","Johnson Group","Lisa Meyer","901641215","lisa.meyer@negocio.net"
"266","Livingston PLC","Jennifer Waller","920973881","jennifer.waller@empresa.com"
"267","Kline, Myers and Lin","Michael Parsons","917489260","michael.parsons@proveedor.org"
"268","Schneider Group","Benjamin Smith","924064584","benjamin.smith@empresa.com"
"269","Ramirez-Obrien","Lindsey Banks","912763455","lindsey.banks@empresa.com"
"270","Harvey, Lewis and Aguilar","Jack Barnett","980015452","jack.barnett@empresa.com"
"271","Beltran, Sandoval and Cox","Shannon West","977269105","shannon.west@negocio.net"
"272","Phillips, Rivera and Murphy","Heather Weber","918512605","heather.weber@marketplace.com"
"273","Perry LLC","Christopher Scott","950037048","christopher.scott@marketplace.com"
"274","Morris, Carey and Beard","Jane Chapman","928968058","jane.chapman@marketplace.com"
"275","Shields LLC","Danny Hernandez","975152092","danny.hernandez@empresa.com"
"276","Munoz-Gray","Anthony Jacobs","915063440","anthony.jacobs@empresa.com"
"277","Chambers LLC","Amy Boone","981839098","amy.boone@negocio.net"
"278","Anderson, West and Tyler","Paula Thornton","989506020","paula.thornton@proveedor.org"
"279","Myers, Hayes and Stout","Kathleen Carey","919542664","kathleen.carey@empresa.com"
"280","Robinson LLC","David Young","935481767","david.young@negocio.net"
"281","Baldwin Ltd","Justin Williams","932606519","justin.williams@marketplace.com"
"282","Guerra Inc","Dr. Terri Andrews","956371589","dr..terri.andrews@proveedor.org"
"283","Ferguson-Kelley","Mark Yoder","950134151","mark.yoder@marketplace.com"
"284","Delgado Group","Claudia Carr","907685782","claudia.carr@empresa.com"
"285","Walker and Sons","Aaron Vance","976028923","aaron.vance@marketplace.com"
"286","Smith Group","Sherry Hopkins","968759133","sherry.hopkins@negocio.net"
"287","Rivas-Horn","Matthew Butler","905816730","matthew.butler@negocio.net"
"288","Silva-Fuller","Sarah Mccarthy","904585124","sarah.mccarthy@negocio.net"
"289","Peterson-Murphy","Roy Clark","996186650","roy.clark@negocio.net"
"290","Hicks-Harrison","Crystal Kelly","953827219","crystal.kelly@negocio.net"
"291","Campbell-Boyle","Maria Black","935636428","maria.black@proveedor.org"
"292","Clark PLC","Samuel Daniels","903019112","samuel.daniels@empresa.com"
"293","White-Johnson","Susan Miller","947482129","susan.miller@negocio.net"
"294","Banks and Sons","Christopher Scott","962630654","christopher.scott@negocio.net"
"295","Gilmore-Hill","Anthony Pugh","945573620","anthony.pugh@negocio.net"
"296","Banks-Griffin","Brent Santana","942015793","brent.santana@empresa.com"
"297","Mcdonald Inc","David Valdez DVM","904963558","david.valdez.dvm@proveedor.org"
"298","Webb PLC","Gabriel Martinez","948147226","gabriel.martinez@empresa.com"
"299","Hahn Inc","David Rodriguez","928969839","david.rodriguez@proveedor.org"
"300","Crawford-Gonzalez","Sarah Gonzalez","906624798","sarah.gonzalez@negocio.net"
"301","Stanton Group","Meredith Hanson","962095471","meredith.hanson@empresa.com"
"302","Martinez, Nelson and Clark","Sara Rojas","958372745","sara.rojas@negocio.net"
"303","Sharp, Reid and Gonzales","Antonio Stevens","938570109","antonio.stevens@negocio.net"
"304","Warren-Jones","Deborah May","989196872","deborah.may@marketplace.com"
"305","Shepherd-Hall","Brittany Stewart","938071576","brittany.stewart@empresa.com"
"306","Clark-Hudson","Adam Rodriguez","946152502","adam.rodriguez@empresa.com"
"307","Raymond, Murray and Peterson","Crystal Dixon","930136702","crystal.dixon@marketplace.com"
"308","Carrillo and Sons","Bruce Johnson","965410343","bruce.johnson@negocio.net"
"309","Miller-Williams","Brandon Hamilton","967889022","brandon.hamilton@negocio.net"
"310","Walters-Kirk","Yolanda Kidd","926693588","yolanda.kidd@marketplace.com"
"311","Hodges, Haley and Christian","Adam Tran","989531714","adam.tran@marketplace.com"
"312","Hall-Mills","David Winters","945208167","david.winters@marketplace.com"
"313","Parker, Roberts and Erickson","Robert Mccoy","966443414","robert.mccoy@proveedor.org"
"314","Sanchez Inc","Marc Adams","932789443","marc.adams@marketplace.com"
"315","Chan-Herrera","Joseph Johnson","998421800","joseph.johnson@proveedor.org"
"316","Cortez-Smith","Eileen Miller","979591764","eileen.miller@negocio.net"
"317","Huffman, Mejia and Miller","Robert Wilkerson","980407717","robert.wilkerson@proveedor.org"
"318","Rivas-Williams","Katie Padilla","966594982","katie.padilla@proveedor.org"
"319","Mason, Wang and Barber","Scott Evans","918039292","scott.evans@empresa.com"
"320","Richmond-Gregory","Cynthia Williams","939934325","cynthia.williams@empresa.com"
"321","Bell-Holt","Calvin Young","969107055","calvin.young@negocio.net"
"322","Rubio, Schwartz and Merritt","Kerry Lopez","971716232","kerry.lopez@empresa.com"
"323","Powell, Andrews and Wright","Jesse Hanson","985522946","jesse.hanson@empresa.com"
"324","West and Sons","Michael English","986245019","michael.english@empresa.com"
"325","Conrad-Guzman","Stephanie Martin DDS","936382262","stephanie.martin.dds@marketplace.com"
"326","Murphy Ltd","Kyle Thornton","909302240","kyle.thornton@empresa.com"
"327","Short-Ford","John Santos","934219803","john.santos@empresa.com"
"328","Keller Ltd","Megan Oliver","904455369","megan.oliver@proveedor.org"
"329","Griffin, Maxwell and Santos","Larry Butler","910546622","larry.butler@marketplace.com"
"330","Drake-Hubbard","Christine Thomas","920946319","christine.thomas@proveedor.org"
"331","Stone Ltd","Mary Mccarty","990023359","mary.mccarty@proveedor.org"
"332","Cline, Bradley and Nelson","Kimberly Le","977055103","kimberly.le@marketplace.com"
"333","Crosby-Miles","Laura Anderson","928955036","laura.anderson@marketplace.com"
"334","Kelley-Sanford","Justin King","950273209","justin.king@marketplace.com"
"335","Jenkins, Lee and Lewis","Stephen Reyes MD","999565054","stephen.reyes.md@empresa.com"
"336","Tucker, Kelly and Adams","Mr. Randall Nelson","902951575","mr..randall.nelson@negocio.net"
"337","Pacheco-Hill","Bruce Alvarado","903855284","bruce.alvarado@marketplace.com"
"338","Adams and Sons","Roy Perry","969076545","roy.perry@marketplace.com"
"339","Pace-Roberson","Candice Rivera","995744436","candice.rivera@negocio.net"
"340","Cochran-Turner","Karen Knight","929914093","karen.knight@negocio.net"
"341","Green, Smith and Clayton","Dawn Hall","972807913","dawn.hall@negocio.net"
"342","Miller Ltd","Amy Clark","977729144","amy.clark@marketplace.com"
"343","Watson-Smith","Peter Fuller","988750666","peter.fuller@marketplace.com"
"344","Martinez Ltd","Ryan Duncan","921690374","ryan.duncan@proveedor.org"
"345","Brown-Jones","Jeffrey Griffin","906084193","jeffrey.griffin@proveedor.org"
"346","Johnson, Johnson and Berry","Sarah Glover","911187889","sarah.glover@proveedor.org"
"347","Garcia, Juarez and Cunningham","Evan Rhodes","983714181","evan.rhodes@empresa.com"
"348","Rasmussen Inc","Sandy Ponce","936300162","sandy.ponce@empresa.com"
"349","Chavez, Fry and Barry","Steven Arnold","903778036","steven.arnold@negocio.net"
"350","Rogers-Kerr","Denise Shaffer","938334447","denise.shaffer@marketplace.com"
"351","Harper-Moore","Diamond Flynn","955138508","diamond.flynn@empresa.com"
"352","Jones Inc","Victoria Bender","906160926","victoria.bender@proveedor.org"
"353","Hayes-Roberts","Robert Jones","909810628","robert.jones@negocio.net"
"354","Wang-Mcdaniel","Sheila Barnes","905724876","sheila.barnes@empresa.com"
"355","Wright Ltd","Monica Myers","990405755","monica.myers@negocio.net"
"356","Perez and Sons","Philip Clark","940076861","philip.clark@proveedor.org"
"357","Brown-Lee","Donna Garza","947749485","donna.garza@empresa.com"
"358","Bell, Melton and Sanders","Anthony Waters","937955260","anthony.waters@marketplace.com"
"359","Nelson, Morris and Hull","Jerry Nguyen","982675618","jerry.nguyen@negocio.net"
"360","Gonzalez-Snyder","Regina Brown","911072300","regina.brown@negocio.net"
"361","Cohen Ltd","Stephanie Nash","924218395","stephanie.nash@marketplace.com"
"362","Morgan Group","Bonnie Lester","914840242","bonnie.lester@marketplace.com"
"363","Pierce, Dawson and Frederick","Derek Castro","950920940","derek.castro@negocio.net"
"364","Rose-Garcia","Carrie Bartlett","998738931","carrie.bartlett@negocio.net"
"365","Hill-Cisneros","Deborah Wilson","977304397","deborah.wilson@marketplace.com"
"366","Guerrero, Frank and Nunez","Steven Molina","935294918","steven.molina@proveedor.org"
"367","Medina Inc","Caleb Scott","972303372","caleb.scott@proveedor.org"
"368","Daniels-Whitaker","Mark Beck","927762084","mark.beck@negocio.net"
"369","Best, Mccormick and Hurst","Bruce Madden","912336842","bruce.madden@proveedor.org"
"370","Hall-Kelley","Mr. Patrick Mclean","990376546","mr..patrick.mclean@marketplace.com"
"371","Davis-Robles","Jessica Martinez","975077187","jessica.martinez@negocio.net"
"372","George and Sons","Caleb Clarke","920883431","caleb.clarke@negocio.net"
"373","Castro-Brooks","Edward Spencer","941290749","edward.spencer@proveedor.org"
"374","Ellison and Sons","Ronald Montgomery","905162564","ronald.montgomery@empresa.com"
"375","Gibson LLC","Don Taylor","997764420","don.taylor@negocio.net"
"376","Rodriguez, Bright and Hughes","Paul Evans","906734199","paul.evans@proveedor.org"
"377","Hicks-Williams","Andrew Anderson","939846904","andrew.anderson@proveedor.org"
"378","Lee, Stone and Hensley","James Stevens","942786750","james.stevens@empresa.com"
"379","Woods-Farrell","Steven Guerrero","990434040","steven.guerrero@negocio.net"
"380","Bishop Group","Alexandra Powers","923348533","alexandra.powers@marketplace.com"
"381","Nguyen, Serrano and Ramos","Kenneth Hall","979312125","kenneth.hall@negocio.net"
"382","Thomas, Carlson and Prince","Daniel House","972963105","daniel.house@negocio.net"
"383","Lee, Murphy and King","Sarah Miller","952701994","sarah.miller@marketplace.com"
"384","Holt, Lang and Luna","Paul Reed","918562745","paul.reed@marketplace.com"
"385","Myers, Buckley and Bell","Samuel Horton","987031682","samuel.horton@proveedor.org"
"386","Taylor, Kent and Adams","Jessica Aguirre","932827242","jessica.aguirre@empresa.com"
"387","Skinner and Sons","Michelle Gutierrez","998690002","michelle.gutierrez@negocio.net"
"388","Everett-Cox","Samuel Martin","910654129","samuel.martin@proveedor.org"
"389","Buchanan and Sons","Kristin Taylor","953972866","kristin.taylor@empresa.com"
"390","Boyd-Joseph","Julie Sanders","975911678","julie.sanders@marketplace.com"
"391","King, Holloway and Andrews","Scott Ware","999394896","scott.ware@empresa.com"
"392","King, Davis and Hampton","Andrew Washington","924530417","andrew.washington@negocio.net"
"393","Gray Ltd","Nicole Garcia","991906274","nicole.garcia@empresa.com"
"394","Kent Group","Dr. Emily Hoffman","925133986","dr..emily.hoffman@empresa.com"
"395","Hoffman LLC","Anna Greene","972435333","anna.greene@negocio.net"
"396","Wells-Campbell","Sherry Blair","912408868","sherry.blair@empresa.com"
"397","Mcbride-Gonzalez","Brandon Arnold","956430033","brandon.arnold@marketplace.com"
"398","Jenkins, Walker and Rodriguez","Christopher Orozco","999811825","christopher.orozco@proveedor.org"
"399","Deleon, Cooper and Johnson","Tracy Hart","912313441","tracy.hart@proveedor.org"
"400","Martinez, Lang and Peters","Nina Davis","929207257","nina.davis@marketplace.com"
"401","Wallace-Byrd","Jessica Sanders","921480289","jessica.sanders@empresa.com"
"402","Bell, Russell and Austin","Wendy Gutierrez DDS","927615125","wendy.gutierrez.dds@negocio.net"
"403","Stout-White","Shawn James","990932464","shawn.james@marketplace.com"
"404","Singleton-Chen","Jason Valenzuela","918168001","jason.valenzuela@empresa.com"
"405","Cole-Duncan","Gerald Murphy","961592443","gerald.murphy@empresa.com"
"406","Brooks LLC","Matthew Garcia","934208261","matthew.garcia@negocio.net"
"407","Thomas, Chan and Lee","Anthony Williams","997483484","anthony.williams@empresa.com"
"408","Bishop-Anderson","Alan West","965905195","alan.west@negocio.net"
"409","Herman, Salazar and Bernard","Bryan Robinson","906586104","bryan.robinson@empresa.com"
"410","Hoffman-Moore","Jennifer Monroe","910088336","jennifer.monroe@empresa.com"
"411","Brooks, Juarez and Mckinney","Randy Sanchez","913806461","randy.sanchez@marketplace.com"
"412","Patterson Inc","Joanna Martin","919356039","joanna.martin@empresa.com"
"413","Johnson Group","Dylan Tucker","980381818","dylan.tucker@marketplace.com"
"414","Chapman, Wells and James","Barbara Cisneros","997801349","barbara.cisneros@marketplace.com"
"415","Patterson, Soto and Foster","Eric Cortez","935100511","eric.cortez@empresa.com"
"416","Frey and Sons","Anthony Bowman","919398646","anthony.bowman@empresa.com"
"417","Mitchell-Barrera","Peter Cline","959695320","peter.cline@negocio.net"
"418","Stark, Wilson and Faulkner","Laura Hopkins","969714292","laura.hopkins@marketplace.com"
"419","Tyler Inc","Stephanie Miller","983615915","stephanie.miller@proveedor.org"
"420","Bailey, Gray and Williams","Jennifer Nichols","907935060","jennifer.nichols@negocio.net"
"421","Lara, Townsend and Wells","Heather Jenkins","912642656","heather.jenkins@marketplace.com"
"422","Leonard-Frazier","Mary Reyes","984552928","mary.reyes@marketplace.com"
"423","Harris, Rivera and Thomas","Sally Romero","962958728","sally.romero@marketplace.com"
"424","Barnett-Walker","Crystal Harris","939763170","crystal.harris@negocio.net"
"425","Barker, Rodriguez and Chapman","Louis Robinson","926643330","louis.robinson@proveedor.org"
"426","Foster, Schmidt and Spencer","Briana Brown","922044683","briana.brown@marketplace.com"
"427","Elliott-Tran","Carrie Smith","982632890","carrie.smith@proveedor.org"
"428","Bryant, Dean and Gonzalez","Laura James","904379097","laura.james@proveedor.org"
"429","Miller Ltd","Donald Carrillo","951682996","donald.carrillo@empresa.com"
"430","Richards-Carr","Brian Mcguire","921861761","brian.mcguire@marketplace.com"
"431","Liu-Luna","Travis Hall","976560021","travis.hall@empresa.com"
"432","Haas-Lopez","Peter Myers","908137938","peter.myers@negocio.net"
"433","Ayala-Valencia","Paula Aguirre","966286461","paula.aguirre@negocio.net"
"434","Clark-Obrien","Emma Moyer","976477888","emma.moyer@proveedor.org"
"435","Rogers, Williams and Perry","Robert Stevens","960959820","robert.stevens@marketplace.com"
"436","Williams, Brown and Le","Jason Hughes","968575135","jason.hughes@marketplace.com"
"437","Riley, Clark and Mann","Cynthia White","965215799","cynthia.white@negocio.net"
"438","Johnson, Jensen and Dunn","Wendy Wilson","976462448","wendy.wilson@negocio.net"
"439","Lambert-Thompson","Sophia Lee","966041789","sophia.lee@empresa.com"
"440","Russell Inc","Jennifer Davenport","978670309","jennifer.davenport@negocio.net"
"441","Crane-Webb","Ryan Tyler","974079475","ryan.tyler@empresa.com"
"442","Stephens-Morris","Matthew Andrade","927483212","matthew.andrade@negocio.net"
"443","Watkins, Webb and Nelson","Tim Mcintyre","962125280","tim.mcintyre@proveedor.org"
"444","Beard-Petersen","Eric Fernandez","958235767","eric.fernandez@proveedor.org"
"445","Adams Ltd","Joseph Cannon","993281349","joseph.cannon@proveedor.org"
"446","Roberts, Perez and Garcia","Pamela Smith","994355629","pamela.smith@negocio.net"
"447","Page, Black and Valdez","William Hamilton DDS","904253389","william.hamilton.dds@negocio.net"
"448","Hays-Davis","Susan Ray PhD","973257718","susan.ray.phd@marketplace.com"
"449","Gallagher, Ward and Jackson","Melissa Martin","999042077","melissa.martin@marketplace.com"
"450","Giles LLC","Michael Olson","977552794","michael.olson@proveedor.org"
"451","Pineda and Sons","Brady Alvarez","925775169","brady.alvarez@empresa.com"
"452","Nelson Group","Stephanie Gonzales","909677314","stephanie.gonzales@marketplace.com"
"453","Nelson-Stone","David Mcclain","921915628","david.mcclain@empresa.com"
"454","Nelson-Griffith","Thomas Morton","983582197","thomas.morton@empresa.com"
"455","Simmons-Hester","Paul Moses","999241625","paul.moses@marketplace.com"
"456","Snyder-Lewis","Brian Parker","937736709","brian.parker@proveedor.org"
"457","Mason, Willis and Chambers","Becky Lin","917718983","becky.lin@marketplace.com"
"458","Howard-Gates","Sharon Vazquez","973899422","sharon.vazquez@negocio.net"
"459","Barber, Parker and Tyler","Barbara Ford","971245455","barbara.ford@empresa.com"
"460","Larsen-Hayden","Ashley Hart","903277132","ashley.hart@proveedor.org"
"461","Avery-Baker","Shannon Moore","906603550","shannon.moore@negocio.net"
"462","Roman, Townsend and Sullivan","Ronald Garcia","948693105","ronald.garcia@negocio.net"
"463","Barnes, Dalton and Stevenson","Lori Russell","995004601","lori.russell@empresa.com"
"464","Hayden PLC","Nicole Fisher","979513183","nicole.fisher@empresa.com"
"465","Frey, Brown and Holmes","Lynn Weeks","998325686","lynn.weeks@marketplace.com"
"466","Lawson-Barnes","Emily Spears","906834793","emily.spears@empresa.com"
"467","Cordova-Baker","Angela Smith","986131030","angela.smith@proveedor.org"
"468","Johnson and Sons","Mary Lewis","978162326","mary.lewis@empresa.com"
"469","Hernandez, Burke and Schmidt","Robert Collins","937655577","robert.collins@negocio.net"
"470","Webb PLC","Caleb Beck","945017818","caleb.beck@empresa.com"
"471","Cowan, Anderson and Bean","Shelly Camacho","953663584","shelly.camacho@negocio.net"
"472","Golden, Lopez and Stewart","William Fernandez","906032707","william.fernandez@negocio.net"
"473","Jones, Marshall and Petty","Mark Sullivan","942168227","mark.sullivan@empresa.com"
"474","Boyd, Ramirez and Alvarado","Cynthia Edwards DDS","973500718","cynthia.edwards.dds@proveedor.org"
"475","Lucas and Sons","Joshua Mcgee","943158385","joshua.mcgee@negocio.net"
"476","Garcia-Best","Ashley Sandoval","909977942","ashley.sandoval@empresa.com"
"477","Maynard PLC","Robin Hughes","954120772","robin.hughes@negocio.net"
"478","Simon PLC","Helen Petersen","940727637","helen.petersen@negocio.net"
"479","Melendez, Davis and Patton","Matthew Valencia","936410307","matthew.valencia@empresa.com"
"480","Arellano-Garcia","Christine Smith","926043050","christine.smith@empresa.com"
"481","Harris Ltd","Donald Walsh","928754673","donald.walsh@negocio.net"
"482","Dean-Welch","Kim Bennett","921439119","kim.bennett@negocio.net"
"483","Reid, Smith and Shaw","Susan Murphy","986063797","susan.murphy@negocio.net"
"484","Walker-Hayes","Samantha Duncan","910093448","samantha.duncan@proveedor.org"
"485","Johnson, Duarte and Hinton","Shannon Clements","936424659","shannon.clements@proveedor.org"
"486","Jones PLC","Ryan James","961442776","ryan.james@marketplace.com"
"487","Sandoval LLC","Nichole Rivera","956652147","nichole.rivera@proveedor.org"
"488","Nelson-Lewis","Keith Carpenter","971271915","keith.carpenter@marketplace.com"
"489","Gutierrez PLC","Maria Hawkins","993246489","maria.hawkins@proveedor.org"
"490","Welch PLC","Carmen Gray","953383388","carmen.gray@negocio.net"
"491","Cantu-Heath","Nicole White","944572967","nicole.white@negocio.net"
"492","Clark, Hart and Burgess","Cindy Rodriguez","935452073","cindy.rodriguez@empresa.com"
"493","Carlson Inc","Dean Maddox","957562267","dean.maddox@marketplace.com"
"494","Hall-Benitez","Tammy Nelson","970454869","tammy.nelson@marketplace.com"
"495","Miranda, Reynolds and Beasley","Annette Norton","916259276","annette.norton@proveedor.org"
"496","Morgan, Wilson and Allen","Brian Murphy","971425045","brian.murphy@proveedor.org"
"497","Miller LLC","Ruben Atkinson","928261162","ruben.atkinson@proveedor.org"
"498","Murphy Group","Vincent Marquez","964924085","vincent.marquez@proveedor.org"
"499","Smith, Jordan and Edwards","Jessica Fowler","908186163","jessica.fowler@marketplace.com"
"500","Brown-Ortiz","Stephen Baker","924219975","stephen.baker@marketplace.com"
"501","Vasquez, Owens and Guerrero","Mrs. Aimee King","970959445","mrs..aimee.king@marketplace.com"
"502","Hines and Sons","Lisa Austin","990919146","lisa.austin@negocio.net"
"503","Young, Scott and Freeman","Rhonda Harrison","942412394","rhonda.harrison@marketplace.com"
"504","Smith-Sullivan","Jacob Black","993866528","jacob.black@empresa.com"
"505","Scott, Walker and Young","Lance Weber","928171365","lance.weber@negocio.net"
"506","Anderson-Taylor","Angela Arnold","931168382","angela.arnold@empresa.com"
"507","Vincent PLC","James Hammond","983314858","james.hammond@marketplace.com"
"508","Brooks, Pham and Vargas","Donald Allen MD","939503006","donald.allen.md@empresa.com"
"509","Walker Ltd","Nathan Ruiz","959979856","nathan.ruiz@negocio.net"
"510","Acosta, Davis and Montgomery","Tiffany Hill","947751092","tiffany.hill@proveedor.org"
"511","Powers, Cunningham and Shaffer","Mark Krueger","993692878","mark.krueger@empresa.com"
"512","Arias, Hernandez and Howard","Vanessa Murphy","940421967","vanessa.murphy@marketplace.com"
"513","Wilson, Daniels and Price","Thomas Richards","945944729","thomas.richards@negocio.net"
"514","Craig Inc","Christopher Scott","917718888","christopher.scott@proveedor.org"
"515","Stone, Hicks and Kelly","Jasmine Garcia","904382010","jasmine.garcia@negocio.net"
"516","Schultz, Mclean and Herrera","Heidi Castillo","963871449","heidi.castillo@marketplace.com"
"517","Williams, Harding and Schwartz","Richard Lawrence","922386224","richard.lawrence@empresa.com"
"518","Johnson PLC","Christina Thompson","995709674","christina.thompson@empresa.com"
"519","Wilson Ltd","Joshua Cruz","900797394","joshua.cruz@proveedor.org"
"520","Lawrence-James","Regina Dennis","981144410","regina.dennis@proveedor.org"
"521","Charles Group","Katherine Sharp","910564978","katherine.sharp@marketplace.com"
"522","Dawson, Rios and Perkins","Jennifer West","915047649","jennifer.west@marketplace.com"
"523","Lopez-Riley","Jacqueline Torres","939552872","jacqueline.torres@negocio.net"
"524","Rivera-Munoz","Heather Chapman","930366070","heather.chapman@marketplace.com"
"525","Smith, Navarro and Hendrix","Kenneth Mercer","983586186","kenneth.mercer@proveedor.org"
"526","Duncan, Bell and Evans","Troy Tran","969806367","troy.tran@proveedor.org"
"527","Little-Walker","Mr. Matthew Clark MD","919360296","mr..matthew.clark.md@proveedor.org"
"528","Bishop-Leon","Kathy Rivera DDS","945925364","kathy.rivera.dds@empresa.com"
"529","Donovan, Delgado and Hall","Melinda Johnson","949619257","melinda.johnson@marketplace.com"
"530","Scott, Ingram and Hopkins","Kelly Bryan MD","973260225","kelly.bryan.md@empresa.com"
"531","Clark Ltd","Joel Oneal","952097125","joel.oneal@marketplace.com"
"532","Lambert-Strickland","Danielle Thomas","971619873","danielle.thomas@marketplace.com"
"533","Wilson, Warren and Lewis","Matthew Johnson","909629181","matthew.johnson@negocio.net"
"534","Fuentes PLC","Dr. Molly Boyd","960562770","dr..molly.boyd@proveedor.org"
"535","Taylor and Sons","Joanne Henderson","967197015","joanne.henderson@negocio.net"
"536","Johnson Ltd","Cathy Terry","999297319","cathy.terry@negocio.net"
"537","Daniel, Rivera and Peck","Angela Johnson","980412871","angela.johnson@proveedor.org"
"538","Berry PLC","Rodney Hood","911931097","rodney.hood@negocio.net"
"539","Moran Group","Tiffany Hughes","995857976","tiffany.hughes@proveedor.org"
"540","Jackson LLC","Kayla Ochoa","968459946","kayla.ochoa@marketplace.com"
"541","Phillips, Bridges and Perez","Paige Thomas","915637118","paige.thomas@empresa.com"
"542","Wilson and Sons","Emily Price","958486357","emily.price@empresa.com"
"543","Simmons-Jenkins","Andrea Hogan","940581769","andrea.hogan@negocio.net"
"544","Good-Brooks","Jacob Shaw","924356170","jacob.shaw@empresa.com"
"545","Knight-Rhodes","Jennifer Jones","900014557","jennifer.jones@negocio.net"
"546","Chavez-Kelley","Ashley Baker","948336167","ashley.baker@negocio.net"
"547","Curry, Gordon and Jackson","Pamela Figueroa","913649922","pamela.figueroa@proveedor.org"
"548","Dillon-Scott","Pamela Carter","957831201","pamela.carter@marketplace.com"
"549","Valdez, Hall and Elliott","Arthur Crosby","943002585","arthur.crosby@empresa.com"
"550","Ortiz PLC","Sean Castillo","913474131","sean.castillo@marketplace.com"
"551","Smith, Durham and Collins","Daniel Roman","975891404","daniel.roman@marketplace.com"
"552","Potter, Brown and Perkins","Michael Zuniga","919772485","michael.zuniga@negocio.net"
"553","Miller Inc","Terry Stevens","965905992","terry.stevens@empresa.com"
"554","Moran, Lang and Dixon","Kristy Hawkins","985834806","kristy.hawkins@empresa.com"
"555","Brown Ltd","Christopher Bryant","923595594","christopher.bryant@empresa.com"
"556","Shannon, Craig and Turner","Derek Eaton","901029990","derek.eaton@marketplace.com"
"557","Salazar, Donovan and Nichols","Kim Smith","976068099","kim.smith@empresa.com"
"558","May, Paul and Liu","Jose Jacobs","904662117","jose.jacobs@marketplace.com"
"559","Wilson, Foster and Martin","Michael Smith","949827110","michael.smith@marketplace.com"
"560","Brown Ltd","Mathew Brown","913820985","mathew.brown@proveedor.org"
"561","Smith Inc","Stephanie Beck","953966700","stephanie.beck@empresa.com"
"562","Griffin-Case","Charles Hess","997032968","charles.hess@marketplace.com"
"563","Conrad-Nelson","Rhonda Garcia","922390245","rhonda.garcia@marketplace.com"
"564","Beard-Pittman","Erica Green","906236739","erica.green@proveedor.org"
"565","Ward, Smith and Ayala","Bryan Tate","965994751","bryan.tate@marketplace.com"
"566","Conrad and Sons","Brittney Cain","953855970","brittney.cain@negocio.net"
"567","Jones-Davis","Mark Scott","962255556","mark.scott@negocio.net"
"568","Rice PLC","Nichole Good","952073752","nichole.good@empresa.com"
"569","Terry PLC","Kristin Harrington","984702732","kristin.harrington@empresa.com"
"570","Williams, Kim and Brown","Hector Webster","903926974","hector.webster@proveedor.org"
"571","Taylor and Sons","Scott Pruitt","925396193","scott.pruitt@negocio.net"
"572","Ortega-House","George Turner","966701514","george.turner@negocio.net"
"573","Collins, Hunter and Byrd","Robert Morgan","974173968","robert.morgan@empresa.com"
"574","Knight-Myers","Ian Walter","908554357","ian.walter@empresa.com"
"575","Hall, Mclean and Hardin","Frank Wood","968450503","frank.wood@marketplace.com"
"576","Poole Group","Tina Galvan","997975006","tina.galvan@empresa.com"
"577","Yoder-Medina","John Shepherd","922124144","john.shepherd@negocio.net"
"578","Andrews PLC","Terrence Thomas","910456235","terrence.thomas@marketplace.com"
"579","Weber and Sons","Carla Jenkins","903454745","carla.jenkins@negocio.net"
"580","Moore-Grant","Patricia Palmer","993936102","patricia.palmer@proveedor.org"
"581","Garcia and Sons","Michael Neal","999974656","michael.neal@marketplace.com"
"582","Carter-Hutchinson","Grant Sanchez","916137021","grant.sanchez@proveedor.org"
"583","Becker-Garcia","Larry Kelly","953096309","larry.kelly@negocio.net"
"584","Johns, Lewis and Cannon","Sarah English","998308500","sarah.english@proveedor.org"
"585","Moody, Mitchell and Phillips","David Smith","918346020","david.smith@marketplace.com"
"586","Lopez Inc","John Smith","968989423","john.smith@marketplace.com"
"587","Thompson, Graham and Griffin","Lauren Ellis","921650113","lauren.ellis@empresa.com"
"588","Bowen-Smith","John Copeland","915834241","john.copeland@marketplace.com"
"589","Clark-Allen","Dawn Potter","958239422","dawn.potter@negocio.net"
"590","Combs-Garcia","Garrett Jenkins","945035098","garrett.jenkins@proveedor.org"
"591","Campbell Group","Vincent Harding","917446221","vincent.harding@proveedor.org"
"592","Miller Group","Mary Russo","940124848","mary.russo@empresa.com"
"593","Barrett PLC","Sara Fleming","992152272","sara.fleming@negocio.net"
"594","Fitzpatrick-Landry","William Hunter","932425369","william.hunter@negocio.net"
"595","Ford and Sons","Andrea Meyers","912553764","andrea.meyers@negocio.net"
"596","Powers and Sons","Sheila Anthony","906891200","sheila.anthony@marketplace.com"
"597","Robinson PLC","Kathleen Hill","975462370","kathleen.hill@marketplace.com"
"598","Choi, Scott and Alexander","Amanda Garcia","965200230","amanda.garcia@negocio.net"
"599","Russell Inc","Hannah Larsen","928264059","hannah.larsen@marketplace.com"
"600","Rosales Ltd","Marie Miller","913897434","marie.miller@marketplace.com"
"601","Hicks PLC","Michelle Smith","959441558","michelle.smith@marketplace.com"
"602","Wilson, Moore and Carter","Bradley Henderson","979255265","bradley.henderson@marketplace.com"
"603","Harris, Robinson and Carpenter","Leslie Walter","972691791","leslie.walter@negocio.net"
"604","Kennedy-Lewis","Kim Chandler","970827584","kim.chandler@marketplace.com"
"605","Gillespie, Powell and Smith","Brianna Pearson","951369373","brianna.pearson@marketplace.com"
"606","Nelson and Sons","Logan Owens","941821615","logan.owens@proveedor.org"
"607","Deleon Ltd","John Ross","944962301","john.ross@marketplace.com"
"608","Fowler Ltd","Logan Foster","961231099","logan.foster@marketplace.com"
"609","Jones-Dennis","Richard Trujillo","971160768","richard.trujillo@empresa.com"
"610","Cruz-Gonzalez","Michael Miller","913141160","michael.miller@marketplace.com"
"611","Tucker-Mosley","Wendy Reese","961914431","wendy.reese@empresa.com"
"612","Phillips-Torres","Jennifer Taylor","994961532","jennifer.taylor@empresa.com"
"613","Rojas, Townsend and Montes","Michael Henderson","911498303","michael.henderson@proveedor.org"
"614","Cantu-Padilla","Gerald George","992194418","gerald.george@marketplace.com"
"615","Joseph-Fisher","Samuel Kelly","926131540","samuel.kelly@empresa.com"
"616","Moss, Riley and Robertson","Elizabeth Price","911046717","elizabeth.price@marketplace.com"
"617","Brown, Martinez and White","Megan Roberson","945491539","megan.roberson@empresa.com"
"618","Garza-Patton","Christopher Bennett","934885647","christopher.bennett@empresa.com"
"619","Gaines-Buchanan","Betty Williams","977019839","betty.williams@proveedor.org"
"620","Buck-Brown","Dr. Kristen Gutierrez","940446505","dr..kristen.gutierrez@proveedor.org"
"621","Bush-Knight","Todd Mendez","986565365","todd.mendez@marketplace.com"
"622","Watson Ltd","Aaron Lewis","911011805","aaron.lewis@marketplace.com"
"623","Hunt, Beasley and Welch","Blake Sherman","926688376","blake.sherman@empresa.com"
"624","Anderson-Jefferson","David Davies","921691488","david.davies@proveedor.org"
"625","Adkins, Thompson and Graves","Jose Castillo","942599369","jose.castillo@negocio.net"
"626","Evans Group","Nicole Chavez","900803247","nicole.chavez@proveedor.org"
"627","Burns-Ware","Marcus Salas","952458280","marcus.salas@negocio.net"
"628","Gardner Inc","Donald Anderson","998902420","donald.anderson@empresa.com"
"629","Rios-Young","Alyssa Parsons","944364378","alyssa.parsons@proveedor.org"
"630","Wilson, Watts and Wade","Denise Burke","902523409","denise.burke@empresa.com"
"631","Poole, Johnson and Berg","Allison Casey","963843236","allison.casey@empresa.com"
"632","Roach Group","Robert Brooks","964774606","robert.brooks@empresa.com"
"633","Sharp, Pace and Ryan","Kristi Hansen","978423586","kristi.hansen@negocio.net"
"634","Williams, Le and Stewart","Tara Davis","925649029","tara.davis@empresa.com"
"635","Peters Inc","Teresa Steele","954699933","teresa.steele@negocio.net"
"636","Stout PLC","Amber Terry","951146817","amber.terry@negocio.net"
"637","Bruce Group","Jennifer Wood","933930453","jennifer.wood@marketplace.com"
"638","Jones and Sons","Nichole Bradford","987740101","nichole.bradford@marketplace.com"
"639","Martinez-Newman","Jacob Harper","904638341","jacob.harper@marketplace.com"
"640","Herrera PLC","Carmen Lee","987440550","carmen.lee@proveedor.org"
"641","Holland, Lloyd and Thompson","Brandon Ferguson","936165005","brandon.ferguson@marketplace.com"
"642","Berger-Scott","Derek Cohen","911201122","derek.cohen@proveedor.org"
"643","Mcclain, Price and Randall","Jacob Watson","973307427","jacob.watson@proveedor.org"
"644","Evans-Davis","Michael Clark","915426794","michael.clark@negocio.net"
"645","Jensen-Bradley","John Bowers II","991828316","john.bowers.ii@negocio.net"
"646","Hartman, Morris and Jones","Richard Wallace","943477277","richard.wallace@negocio.net"
"647","Brock-Williams","Jacqueline Beck","988760233","jacqueline.beck@proveedor.org"
"648","Thomas Ltd","Matthew Reynolds","953744745","matthew.reynolds@proveedor.org"
"649","Bolton and Sons","Katelyn Garcia","938038082","katelyn.garcia@empresa.com"
"650","Knight Group","Carrie Hansen","911260504","carrie.hansen@marketplace.com"
"651","Martin LLC","Edward James","931265682","edward.james@marketplace.com"
"652","Garrison-Brown","Wayne Odonnell","902435817","wayne.odonnell@negocio.net"
"653","Lopez-Boone","Charles Hall","946845558","charles.hall@proveedor.org"
"654","Boyd-Austin","Elizabeth Mccullough","974909496","elizabeth.mccullough@proveedor.org"
"655","Howell PLC","Cheryl Wilson","939291128","cheryl.wilson@negocio.net"
"656","Mendez Inc","Michelle Smith","985999396","michelle.smith@negocio.net"
"657","Miller and Sons","Stephanie Miranda","913027204","stephanie.miranda@negocio.net"
"658","Robinson-Bradshaw","Melinda Robinson","954373744","melinda.robinson@marketplace.com"
"659","Shaw, Mckinney and Villarreal","Emily Mcfarland","907168959","emily.mcfarland@proveedor.org"
"660","Espinoza, Morgan and Raymond","Rebecca Snyder","901395070","rebecca.snyder@marketplace.com"
"661","Hanson and Sons","Sheryl Johnson","907232918","sheryl.johnson@empresa.com"
"662","Davis-Pruitt","Trevor Shea","985037242","trevor.shea@marketplace.com"
"663","Lang, Curry and Thompson","Andrew Gonzalez","943597727","andrew.gonzalez@marketplace.com"
"664","Bowman-Lara","Robert Dunlap","975186878","robert.dunlap@negocio.net"
"665","Nguyen LLC","Tracey Williams","906682992","tracey.williams@negocio.net"
"666","Hall PLC","Sarah Miller","933795323","sarah.miller@proveedor.org"
"667","Watts Ltd","Mary Johnson","928194854","mary.johnson@empresa.com"
"668","Bradshaw-Burton","Deanna Clark MD","920160249","deanna.clark.md@proveedor.org"
"669","Mann-Wong","Andrea Herrera","999200343","andrea.herrera@negocio.net"
"670","Sanders, Richards and Vasquez","Mr. Phillip Tucker DDS","950627714","mr..phillip.tucker.dds@empresa.com"
"671","Woods Ltd","Larry Wood","981122094","larry.wood@empresa.com"
"672","Holt-Malone","Kristopher Smith","967411537","kristopher.smith@negocio.net"
"673","Parsons-Stephenson","Debra Mitchell","949551709","debra.mitchell@empresa.com"
"674","Martin-Taylor","Jay Hansen","908739011","jay.hansen@empresa.com"
"675","Odom, Grant and Austin","Melissa Smith","945596611","melissa.smith@negocio.net"
"676","Parks-Brown","Andrea Green","996714946","andrea.green@proveedor.org"
"677","Horton, Luna and Brown","Jessica Griffin","944810520","jessica.griffin@negocio.net"
"678","Mcgee-Le","Julian Mendoza","994286623","julian.mendoza@negocio.net"
"679","Whitaker-Johnson","Jean James","941083495","jean.james@marketplace.com"
"680","Sutton, Mccormick and Mendoza","Maria Gardner","930514398","maria.gardner@negocio.net"
"681","Campos Group","Stephen Snow","975312472","stephen.snow@marketplace.com"
"682","Webb, Jones and Kelly","Matthew Roy","997273481","matthew.roy@marketplace.com"
"683","Walker-Watson","Lisa Moore","978145250","lisa.moore@negocio.net"
"684","Robinson, Johnson and Duncan","Selena Cox","971099238","selena.cox@marketplace.com"
"685","Anderson-Golden","Robert Pope","974126700","robert.pope@negocio.net"
"686","Taylor, Baldwin and Lawrence","Anthony Hughes","964132062","anthony.hughes@marketplace.com"
"687","Franklin-Medina","Janice Garcia","954690327","janice.garcia@proveedor.org"
"688","Wade, Marshall and Compton","Rachel Hawkins","971245011","rachel.hawkins@negocio.net"
"689","Booker, Villanueva and Johnson","Christopher Warner","997994572","christopher.warner@negocio.net"
"690","Jordan, Mcdaniel and Harris","Diana Ramos","966553998","diana.ramos@proveedor.org"
"691","Henderson, Nelson and Roach","Corey Costa","970236149","corey.costa@marketplace.com"
"692","Alvarado Ltd","Robert Andrews","984234627","robert.andrews@marketplace.com"
"693","Wood-Rivera","Stacy Gay","983956358","stacy.gay@empresa.com"
"694","Sawyer Group","Jason Pittman","962644433","jason.pittman@proveedor.org"
"695","Kidd, Hart and Harmon","Karen James","981886726","karen.james@proveedor.org"
"696","Miller, Mathis and White","Kristy Cook","949774107","kristy.cook@empresa.com"
"697","Black, Harris and Smith","Bradley Cole","991687483","bradley.cole@negocio.net"
"698","Owens-Miller","Ashley Collins","960972095","ashley.collins@marketplace.com"
"699","Harrison, Williams and Collins","Vickie Garrett","912608379","vickie.garrett@empresa.com"
"700","Alexander, Bradley and Baker","Charles Gentry","970193997","charles.gentry@proveedor.org"
"701","Wise Group","John Young","996120532","john.young@negocio.net"
"702","Newman LLC","Robert Blackwell","963307487","robert.blackwell@marketplace.com"
"703","Oliver, Hughes and Henderson","Christina Marks","937916904","christina.marks@marketplace.com"
"704","Castillo, Walsh and Gardner","Eric Diaz","949447014","eric.diaz@marketplace.com"
"705","Ward-Hill","Colleen Lewis","986601379","colleen.lewis@empresa.com"
"706","Foster-Savage","Alejandro Meyer","999407736","alejandro.meyer@empresa.com"
"707","Gallegos-Sanders","Joshua Patterson","996663715","joshua.patterson@empresa.com"
"708","Howard-Hall","Scott Klein","951057758","scott.klein@negocio.net"
"709","Allen-Love","Marcus Watkins","911868066","marcus.watkins@empresa.com"
"710","Morgan Ltd","Mark Hale","901390350","mark.hale@negocio.net"
"711","Smith-Fowler","Eric Torres","995703236","eric.torres@proveedor.org"
"712","Garza Inc","Shane Hall","901053341","shane.hall@marketplace.com"
"713","Hill-Nicholson","Melissa Moore","976892091","melissa.moore@proveedor.org"
"714","Taylor-Zamora","Ryan Spencer","946607601","ryan.spencer@negocio.net"
"715","Ponce, Smith and Griffin","Taylor Baker","942370345","taylor.baker@empresa.com"
"716","Contreras, Hernandez and Castillo","Laura Martinez","939272988","laura.martinez@negocio.net"
"717","Miller, Lucas and Gibbs","Laura Kelley","980357221","laura.kelley@proveedor.org"
"718","Thomas, Key and Patton","William Hardy","941633884","william.hardy@negocio.net"
"719","Davis, Smith and Smith","Lisa Rose","998427094","lisa.rose@empresa.com"
"720","Welch-Owens","Sheryl Baker","971636486","sheryl.baker@proveedor.org"
"721","Bruce PLC","Jorge Taylor","985528482","jorge.taylor@negocio.net"
"722","Jenkins-Lamb","Tyler David","976996824","tyler.david@negocio.net"
"723","Arnold, Martin and Henry","David Wilson","917124059","david.wilson@marketplace.com"
"724","Wilson Group","Derek Stephens","961350763","derek.stephens@marketplace.com"
"725","Moody-Flores","Douglas Marsh","912585492","douglas.marsh@marketplace.com"
"726","Hinton, Montoya and Munoz","Nancy Holmes","921819169","nancy.holmes@proveedor.org"
"727","Terry LLC","Sandra Moore","957609398","sandra.moore@empresa.com"
"728","Simmons Ltd","Jason Wagner","958548035","jason.wagner@proveedor.org"
"729","Contreras-Zamora","Dennis Green","949734783","dennis.green@empresa.com"
"730","Ho LLC","Kyle White","970058030","kyle.white@proveedor.org"
"731","Anderson Group","Katrina Jarvis","911042408","katrina.jarvis@negocio.net"
"732","Oconnor Inc","David Anderson","950644323","david.anderson@negocio.net"
"733","Ramos, Long and Lee","Kenneth George","959678128","kenneth.george@marketplace.com"
"734","Chen, White and Rodriguez","Stephanie Long","935519861","stephanie.long@empresa.com"
"735","Bowman-Drake","Timothy James","993775856","timothy.james@negocio.net"
"736","Schultz, Wiggins and Hudson","Lori Nguyen","928201523","lori.nguyen@empresa.com"
"737","Ramirez Ltd","Nathan Mcdonald","939517796","nathan.mcdonald@empresa.com"
"738","Greene PLC","Madeline Anderson","952630278","madeline.anderson@proveedor.org"
"739","Martinez, Carson and Smith","Michael Hill","942643759","michael.hill@proveedor.org"
"740","Williamson and Sons","Jeffrey Mcgrath","921747847","jeffrey.mcgrath@proveedor.org"
"741","Chavez LLC","Angela Carlson","916914174","angela.carlson@marketplace.com"
"742","Fowler Inc","Candace Cobb","995848118","candace.cobb@marketplace.com"
"743","Garcia Ltd","Mary Riley","905311777","mary.riley@marketplace.com"
"744","Carter-Greene","Charles Cook","967678449","charles.cook@proveedor.org"
"745","Wells-Lawrence","Angelica Garcia","978713258","angelica.garcia@empresa.com"
"746","Mcdaniel, Graham and Logan","Albert Wong","993497782","albert.wong@marketplace.com"
"747","Larsen-Hayes","Christy Mann","953433618","christy.mann@negocio.net"
"748","Vazquez, Doyle and Thomas","Michael Holmes","943923473","michael.holmes@marketplace.com"
"749","Richardson-Proctor","Mariah Villarreal","981828202","mariah.villarreal@marketplace.com"
"750","Brown, Schmidt and Cook","Carol Martinez","953716833","carol.martinez@negocio.net"
"751","Welch and Sons","April Sullivan","981602761","april.sullivan@negocio.net"
"752","Murphy, Harris and Keller","Dustin Stephens","975071737","dustin.stephens@marketplace.com"
"753","Crosby-Tucker","Patricia Johnson","920432024","patricia.johnson@negocio.net"
"754","Cook-Ashley","Erin Garcia","986513491","erin.garcia@marketplace.com"
"755","Schneider Group","Lucas Johnson","943107879","lucas.johnson@marketplace.com"
"756","Carlson, Allen and Burgess","Brittney Carter","997566067","brittney.carter@marketplace.com"
"757","Chandler-Moreno","Heather Hansen","966630703","heather.hansen@empresa.com"
"758","Porter, Austin and Manning","Teresa Oliver","932215128","teresa.oliver@proveedor.org"
"759","Lawrence-Henderson","Edward Williams","929206842","edward.williams@proveedor.org"
"760","Patterson and Sons","Mary Lam","930016659","mary.lam@marketplace.com"
"761","Johnson PLC","Chad Mitchell","981486922","chad.mitchell@negocio.net"
"762","Miller-Rogers","Tara Lopez","962697942","tara.lopez@proveedor.org"
"763","Fletcher-Ramirez","Alicia Parrish","940674708","alicia.parrish@proveedor.org"
"764","Combs-Jimenez","Jennifer Wallace","990411747","jennifer.wallace@negocio.net"
"765","Ray and Sons","Amanda Rios","982257323","amanda.rios@negocio.net"
"766","Kelley-Howard","James Gutierrez","996550606","james.gutierrez@empresa.com"
"767","Williams, Mitchell and Richards","Laura Watts","986396848","laura.watts@empresa.com"
"768","Johnson, Valentine and Holmes","Gerald Cook","929199527","gerald.cook@marketplace.com"
"769","Hughes Inc","Gabrielle Villa","958223145","gabrielle.villa@empresa.com"
"770","Rogers-Todd","Melissa Glover","952389951","melissa.glover@empresa.com"
"771","Brady and Sons","Bryan Carter","902818083","bryan.carter@marketplace.com"
"772","Rose-Wilkins","Daniel Martin","916616452","daniel.martin@proveedor.org"
"773","Thompson, Mitchell and Saunders","Tyler Roberts","975900929","tyler.roberts@marketplace.com"
"774","Charles-Ochoa","Richard Soto","924789772","richard.soto@empresa.com"
"775","Alvarez Ltd","Cameron Harvey","985361060","cameron.harvey@proveedor.org"
"776","Browning-Combs","Julia Nguyen","905612021","julia.nguyen@empresa.com"
"777","Richardson, Hoover and Allen","Susan Reyes","924623631","susan.reyes@empresa.com"
"778","Arnold-Adkins","James Davenport","926621076","james.davenport@empresa.com"
"779","Salazar-Banks","Katrina Serrano","999484473","katrina.serrano@empresa.com"
"780","Carroll-Bryant","Timothy Dean","948498181","timothy.dean@proveedor.org"
"781","Watson Group","Morgan Ferguson","917092961","morgan.ferguson@proveedor.org"
"782","Moss-Burnett","Kimberly Brown","910179052","kimberly.brown@marketplace.com"
"783","Morris Group","Kristina Neal","960386863","kristina.neal@proveedor.org"
"784","Tyler, Mitchell and Parrish","Alex Lee","969906095","alex.lee@proveedor.org"
"785","Foster, Kelly and Hanson","Christopher Clark","942365839","christopher.clark@proveedor.org"
"786","Juarez-Curry","Bryan George","940808065","bryan.george@negocio.net"
"787","White-Quinn","Amanda Wolf","952520644","amanda.wolf@negocio.net"
"788","Williamson PLC","Katherine Lee","991141954","katherine.lee@marketplace.com"
"789","Mendoza-Walker","Christina Horne","975112612","christina.horne@negocio.net"
"790","Wilkerson-Fox","Madison Munoz","944145713","madison.munoz@marketplace.com"
"791","Faulkner-Lopez","Shannon Johnson","982398146","shannon.johnson@marketplace.com"
"792","Savage-Flores","Anthony Armstrong","968938168","anthony.armstrong@marketplace.com"
"793","Baker LLC","Jeffrey Ford","909357254","jeffrey.ford@proveedor.org"
"794","Franco, Harrison and Daniel","Emily Swanson","941383657","emily.swanson@negocio.net"
"795","Lee, Bates and Lopez","Victoria Barton","998709039","victoria.barton@negocio.net"
"796","Morris-Larson","Nathan Ward","992911385","nathan.ward@negocio.net"
"797","Vazquez-Murphy","Katherine Hernandez","988299381","katherine.hernandez@negocio.net"
"798","Sanchez, Thompson and Soto","Aaron Vasquez","964761046","aaron.vasquez@proveedor.org"
"799","Campbell-Harrison","Jennifer Brown","953454774","jennifer.brown@negocio.net"
"800","Larsen-Chavez","Dr. Brenda Wilson","933173044","dr..brenda.wilson@proveedor.org"
"801","Romero Group","Nicholas Schultz","942805724","nicholas.schultz@empresa.com"
"802","Clark-Peterson","Daniel Jackson","901567286","daniel.jackson@proveedor.org"
"803","Sanders, Combs and Arnold","Kayla Chavez","917180823","kayla.chavez@empresa.com"
"804","Mccoy-Potts","Andrew Daugherty","938965839","andrew.daugherty@marketplace.com"
"805","Curtis LLC","Walter Compton","987219425","walter.compton@empresa.com"
"806","Frederick-Mcintyre","Sharon Lucas","946759107","sharon.lucas@negocio.net"
"807","Soto-Harris","Tina Lee","916783803","tina.lee@empresa.com"
"808","Williams, Schmidt and Short","Kimberly Young","966633283","kimberly.young@marketplace.com"
"809","Vaughan, Ross and Brooks","Andrew Rice","989481382","andrew.rice@empresa.com"
"810","Cook and Sons","Teresa Baker","926383352","teresa.baker@negocio.net"
"811","Dudley, Kelly and Myers","Ethan Little","984704299","ethan.little@proveedor.org"
"812","Callahan, Carrillo and Henderson","Jennifer Peterson","905155451","jennifer.peterson@negocio.net"
"813","Hickman-Wallace","John Gillespie","935954574","john.gillespie@negocio.net"
"814","Bryant LLC","Joshua Mason","915263942","joshua.mason@marketplace.com"
"815","Flores and Sons","Thomas Johnson","910389616","thomas.johnson@proveedor.org"
"816","Davila, Bates and Rogers","Kimberly Brown","992616080","kimberly.brown@marketplace.com"
"817","Rodriguez-Jones","Joseph Wolfe","975037357","joseph.wolfe@empresa.com"
"818","Lara Group","Roger Chandler","906085680","roger.chandler@marketplace.com"
"819","Morgan Group","Ashley Nelson","945765803","ashley.nelson@proveedor.org"
"820","Thomas-Cook","Brooke Ruiz","908882234","brooke.ruiz@marketplace.com"
"821","Willis, Castillo and Mills","Nicole Ramirez","939141668","nicole.ramirez@empresa.com"
"822","Green, Nelson and Reyes","Christopher Owens","994299820","christopher.owens@negocio.net"
"823","Henderson, Wood and Hill","Kristin Williams","948488951","kristin.williams@negocio.net"
"824","Perkins Group","Andrea Hudson","946648018","andrea.hudson@negocio.net"
"825","Spence-Morton","Teresa Barrett","955831837","teresa.barrett@empresa.com"
"826","Watkins LLC","Carrie Roberts","989367581","carrie.roberts@proveedor.org"
"827","Harris-Roberts","Bruce Clark","982869683","bruce.clark@proveedor.org"
"828","Roberts Inc","Mrs. Cynthia Howard","979921510","mrs..cynthia.howard@empresa.com"
"829","Davis and Sons","Courtney Hill","929986368","courtney.hill@marketplace.com"
"830","White, Sanchez and Lyons","Heather Torres","918201192","heather.torres@negocio.net"
"831","James Group","Cody Thomas","990109808","cody.thomas@proveedor.org"
"832","Tate, Maddox and Smith","Rebecca Waller","943160510","rebecca.waller@negocio.net"
"833","Blanchard Ltd","Bobby Cobb","976069750","bobby.cobb@empresa.com"
"834","Williams Inc","David Whitaker","962577026","david.whitaker@proveedor.org"
"835","Maldonado and Sons","Jennifer Koch","905544568","jennifer.koch@marketplace.com"
"836","Norman, Ford and Brown","Christopher Williams","933494800","christopher.williams@proveedor.org"
"837","Burnett Inc","Anthony Zavala","999057849","anthony.zavala@empresa.com"
"838","Turner, Nguyen and Cruz","Robyn Cunningham","945105886","robyn.cunningham@marketplace.com"
"839","Hill LLC","Marilyn Macdonald","972510338","marilyn.macdonald@empresa.com"
"840","Sanchez-Strickland","Joshua Jones","957388470","joshua.jones@proveedor.org"
"841","Taylor-Powers","Stacey Wood","971385877","stacey.wood@empresa.com"
"842","Williams-Price","Michelle Jones","988993006","michelle.jones@empresa.com"
"843","Harrison-Evans","Jay Gray","932323298","jay.gray@empresa.com"
"844","Davis-Hutchinson","Brian Jackson","971441681","brian.jackson@proveedor.org"
"845","Potter-Smith","Cristina Mcdowell","977321574","cristina.mcdowell@negocio.net"
"846","Dickerson-Fields","Janice Jackson PhD","966364934","janice.jackson.phd@empresa.com"
"847","Wilson LLC","Teresa Vargas","984798398","teresa.vargas@proveedor.org"
"848","Newton, Harris and Macias","Paul Thompson","919183233","paul.thompson@proveedor.org"
"849","Young-Rivers","Patricia Garcia","984164213","patricia.garcia@negocio.net"
"850","Goodwin, Santos and Frederick","Nicholas Mccoy","989821269","nicholas.mccoy@proveedor.org"
"851","Cox PLC","Cathy Collins","998053895","cathy.collins@marketplace.com"
"852","Lee, Douglas and Schmidt","Holly Alexander","980268491","holly.alexander@proveedor.org"
"853","Jenkins, Ray and Parker","William Singleton","975803682","william.singleton@proveedor.org"
"854","Scott-Miller","Daniel Bush","929967534","daniel.bush@negocio.net"
"855","Stanley-Roth","Kevin Carter","918137039","kevin.carter@negocio.net"
"856","Alvarado, Green and Rich","Christopher Morgan","954613673","christopher.morgan@proveedor.org"
"857","Gray Group","Richard Shaw","956600913","richard.shaw@negocio.net"
"858","Baker-Garcia","Carl Ponce","944367573","carl.ponce@marketplace.com"
"859","Foster-Pearson","Kayla Taylor","901825318","kayla.taylor@empresa.com"
"860","Daniels, Thomas and Smith","Sarah Chen","965368388","sarah.chen@empresa.com"
"861","Moss, Marsh and Brown","Stephen Burns","905430927","stephen.burns@negocio.net"
"862","Davis Ltd","Carrie Walker","967322172","carrie.walker@empresa.com"
"863","Hansen-Garcia","Robert Lynch","914138101","robert.lynch@empresa.com"
"864","Mcknight-Reyes","April Martin","953843077","april.martin@proveedor.org"
"865","Brewer-Horton","Dawn Guerra","980538223","dawn.guerra@proveedor.org"
"866","Young Group","Sharon Munoz","993186639","sharon.munoz@marketplace.com"
"867","Robinson, Marshall and Miller","Denise Peters","993825543","denise.peters@empresa.com"
"868","Watts-Rice","Kimberly Jones PhD","973262229","kimberly.jones.phd@proveedor.org"
"869","Taylor, Cain and Garcia","Steven Wallace","979388016","steven.wallace@empresa.com"
"870","Smith, Fleming and Frazier","Michael Holland","980381871","michael.holland@proveedor.org"
"871","Garcia-James","Kyle Campbell","907314766","kyle.campbell@empresa.com"
"872","Porter and Sons","Maria Martin","927198720","maria.martin@negocio.net"
"873","Coleman-Dominguez","Eugene Gillespie","993609298","eugene.gillespie@negocio.net"
"874","Huber Inc","Michael Carter","934671319","michael.carter@negocio.net"
"875","Smith Ltd","James Jackson","964776768","james.jackson@empresa.com"
"876","Carlson-Buck","Lori Harmon","973053454","lori.harmon@proveedor.org"
"877","Adams-French","Erin Phillips","971105787","erin.phillips@negocio.net"
"878","Bell Inc","Craig Garcia","908602717","craig.garcia@proveedor.org"
"879","Soto Group","Lisa Taylor","924782888","lisa.taylor@empresa.com"
"880","Miller, Peterson and Turner","Kristen Fernandez","955001772","kristen.fernandez@marketplace.com"
"881","Brown and Sons","Kim Aguirre","942368345","kim.aguirre@proveedor.org"
"882","Weaver Inc","Carlos Allen MD","971278118","carlos.allen.md@marketplace.com"
"883","Baker Group","Garrett Hayes","906584392","garrett.hayes@empresa.com"
"884","Nunez Ltd","Walter Roberts","900108854","walter.roberts@negocio.net"
"885","Davis, Berry and Fowler","Gary Schmidt","932254302","gary.schmidt@proveedor.org"
"886","Bryant PLC","Lisa Clark","944016514","lisa.clark@negocio.net"
"887","Erickson-Solis","John Wilkerson","988611471","john.wilkerson@proveedor.org"
"888","Wright Group","Susan Delgado","999522082","susan.delgado@marketplace.com"
"889","Davis, Boyle and Smith","Michael Frederick","925253198","michael.frederick@negocio.net"
"890","Gutierrez, Pollard and Perkins","Leonard Mack","926740975","leonard.mack@empresa.com"
"891","Olsen, Roberts and Lee","Randall Johnson","903401066","randall.johnson@negocio.net"
"892","Carter, Romero and Brown","Christian Pena","995155678","christian.pena@proveedor.org"
"893","Moran, Reid and Maddox","Christine Orr","901131323","christine.orr@marketplace.com"
"894","Schneider, Wood and Lowe","Alyssa Blackburn","956316796","alyssa.blackburn@negocio.net"
"895","Foley, Mcdonald and Wright","Gary Harrison","967078278","gary.harrison@negocio.net"
"896","Shaffer, Baker and Walker","Bryan Dixon","952741626","bryan.dixon@negocio.net"
"897","Fernandez Inc","Thomas Robinson","963256746","thomas.robinson@marketplace.com"
"898","Daugherty-Munoz","Justin Garcia","929003849","justin.garcia@empresa.com"
"899","Davis, Vega and Chambers","Michael Wright","926658135","michael.wright@proveedor.org"
"900","Davis, Williams and Hoffman","Maria Yu","984536824","maria.yu@negocio.net"
"901","Cunningham and Sons","Zachary Rice","994773592","zachary.rice@negocio.net"
"902","Marquez-Brown","Gary Ayala","981098036","gary.ayala@negocio.net"
"903","Petersen, Anthony and Mann","Ashley Smith","968026094","ashley.smith@proveedor.org"
"904","Mathews-Perkins","Jeffery Peters","964225043","jeffery.peters@empresa.com"
"905","Rodriguez-Li","Stephanie Bender","992847774","stephanie.bender@proveedor.org"
"906","Torres and Sons","Martin Cochran","991308612","martin.cochran@empresa.com"
"907","Thomas, Rose and Mckinney","Darius Johnston","992492747","darius.johnston@proveedor.org"
"908","Ray-Barton","James Johnson","904897168","james.johnson@proveedor.org"
"909","Lyons-Walker","Valerie Paul","949148310","valerie.paul@proveedor.org"
"910","Freeman-Kennedy","Latasha Christian","995458422","latasha.christian@proveedor.org"
"911","Ewing, Guzman and Briggs","Erik Simmons","934959255","erik.simmons@empresa.com"
"912","Huerta LLC","Albert Giles","998101982","albert.giles@proveedor.org"
"913","Johnson, Oneill and Pena","Jared Campbell","993844757","jared.campbell@negocio.net"
"914","Hughes Ltd","Aaron Church","907774846","aaron.church@negocio.net"
"915","Moody Ltd","Christopher Rogers","929033895","christopher.rogers@empresa.com"
"916","Hobbs-Gomez","Eric Miller","911234730","eric.miller@negocio.net"
"917","Bishop, Lin and Castro","Andrea Obrien","947802739","andrea.obrien@proveedor.org"
"918","Mccullough, Guerrero and Jones","Jessica Hayes","979957073","jessica.hayes@marketplace.com"
"919","Garner-Valenzuela","Carol Harris","917224713","carol.harris@empresa.com"
"920","Clay Ltd","Steven Campos","975890754","steven.campos@marketplace.com"
"921","Woods-Mcmahon","Kerry Ray","958072426","kerry.ray@marketplace.com"
"922","Alexander, Robbins and Butler","Connie Hoover","973550368","connie.hoover@proveedor.org"
"923","Love-Soto","Joseph Mayo","970839814","joseph.mayo@negocio.net"
"924","Escobar Inc","Benjamin Chambers","963309400","benjamin.chambers@proveedor.org"
"925","Stanton Ltd","Christian Lynch","997714863","christian.lynch@empresa.com"
"926","Cowan PLC","Samantha Perez","990590279","samantha.perez@proveedor.org"
"927","Burch and Sons","Shannon Delacruz","901379958","shannon.delacruz@marketplace.com"
"928","Blake, Jackson and Payne","Gary Brown","977829287","gary.brown@marketplace.com"
"929","Powell, Chambers and Roberson","Robert Cunningham","964508166","robert.cunningham@empresa.com"
"930","Mitchell Inc","Amanda Turner","937614403","amanda.turner@negocio.net"
"931","Phillips, Flores and Burke","Paige Price","935583922","paige.price@empresa.com"
"932","Gill-Meza","Nicole Shah","945111235","nicole.shah@proveedor.org"
"933","Navarro-Kirby","Nicholas Jackson","911391769","nicholas.jackson@negocio.net"
"934","Mckee Ltd","Joshua Wallace","977353217","joshua.wallace@proveedor.org"
"935","Davis Inc","Kimberly Gutierrez","916135133","kimberly.gutierrez@proveedor.org"
"936","Floyd Group","Jonathan Ross","964233881","jonathan.ross@proveedor.org"
"937","Preston Ltd","Andrew Ellis","976881844","andrew.ellis@negocio.net"
"938","Webster-Owens","Sara Torres MD","997771545","sara.torres.md@proveedor.org"
"939","Beard-Lopez","Andrew Hurst","943302787","andrew.hurst@negocio.net"
"940","Brown LLC","Brenda Patton","939321559","brenda.patton@marketplace.com"
"941","Lopez, Noble and Hall","Darlene Mercer","943470634","darlene.mercer@negocio.net"
"942","Page-Johnson","April Hernandez DDS","949269269","april.hernandez.dds@negocio.net"
"943","Goodman Inc","Kathleen Shaffer","953495086","kathleen.shaffer@proveedor.org"
"944","Steele-Hawkins","Kelly Hernandez","980055355","kelly.hernandez@marketplace.com"
"945","Cook, Henry and Compton","Mrs. Jessica Peck","989031215","mrs..jessica.peck@empresa.com"
"946","Martinez, Mcdaniel and Hoffman","Katherine Byrd","970336626","katherine.byrd@marketplace.com"
"947","Chandler Group","Dominique Wagner","995815466","dominique.wagner@marketplace.com"
"948","Boyd, Jennings and Campbell","Carl Olson","919894707","carl.olson@negocio.net"
"949","Whitehead, Pham and Evans","William Walton","948547190","william.walton@marketplace.com"
"950","Christensen LLC","Eric Torres","907737530","eric.torres@empresa.com"
"951","Molina-Thomas","Samantha Miller","957269199","samantha.miller@empresa.com"
"952","Stewart Ltd","Teresa Cline","923955642","teresa.cline@proveedor.org"
"953","Foster PLC","Mr. Curtis Davis Jr.","906693600","mr..curtis.davis.jr.@negocio.net"
"954","Ramos-Lane","Andres Daniels","922090162","andres.daniels@proveedor.org"
"955","Richardson Ltd","Samuel Cain","953084787","samuel.cain@proveedor.org"
"956","Williams-Henry","Phillip Kaufman","974893298","phillip.kaufman@marketplace.com"
"957","Mccoy Ltd","Emily Clark","952889657","emily.clark@proveedor.org"
"958","Fernandez-Fox","Alexandra Calderon","983122375","alexandra.calderon@proveedor.org"
"959","Nelson PLC","Megan Nixon","923977224","megan.nixon@proveedor.org"
"960","Edwards, Fox and Hall","Jennifer Quinn","938111684","jennifer.quinn@proveedor.org"
"961","Warren and Sons","Sherry Ho","982466266","sherry.ho@empresa.com"
"962","Middleton-Barber","Mary Campos","949547309","mary.campos@negocio.net"
"963","Perez, Bell and Johnson","Cynthia Carr","903223080","cynthia.carr@marketplace.com"
"964","Steele, Smith and Bridges","Paul Anderson","969867184","paul.anderson@empresa.com"
"965","Mcdaniel-Cruz","Michael Madden","995018245","michael.madden@proveedor.org"
"966","Porter Ltd","Jordan Jackson","903970263","jordan.jackson@marketplace.com"
"967","Williams Ltd","Calvin Williams","907767636","calvin.williams@proveedor.org"
"968","Campbell PLC","Jason Cain","944797029","jason.cain@empresa.com"
"969","Williams-Waller","Linda Castro","948797392","linda.castro@marketplace.com"
"970","Bridges, Williams and Walker","Jared Decker","972606225","jared.decker@empresa.com"
"971","Ruiz, Rose and Baxter","Don Murphy","975196559","don.murphy@marketplace.com"
"972","Mathis, Odonnell and Baker","Glenn Rosales","940370814","glenn.rosales@proveedor.org"
"973","Wilkinson, Jones and Payne","Jeffery Carter","948791336","jeffery.carter@negocio.net"
"974","Holloway LLC","Timothy Lopez","918803738","timothy.lopez@proveedor.org"
"975","Cox, Wilson and Lowe","Jordan Bonilla","973831273","jordan.bonilla@negocio.net"
"976","Jones Inc","Anna Carter","922743630","anna.carter@proveedor.org"
"977","Smith, Jackson and Reyes","Latoya Sharp","918207753","latoya.sharp@marketplace.com"
"978","Myers, Bartlett and Graham","Tracie Medina","974126960","tracie.medina@empresa.com"
"979","Snyder Group","John Nichols","941175068","john.nichols@proveedor.org"
"980","Tucker Group","Diane Newman","976163331","diane.newman@marketplace.com"
"981","Shepherd, Brown and Shepherd","Kaitlyn Buckley","960028542","kaitlyn.buckley@marketplace.com"
"982","Robinson PLC","Ashlee Reed","978269692","ashlee.reed@marketplace.com"
"983","Fisher Group","Emma Lloyd DDS","906691608","emma.lloyd.dds@marketplace.com"
"984","Kelley, Fleming and Martinez","Don Hensley","914451817","don.hensley@marketplace.com"
"985","Burch, Cameron and Alvarez","Wanda Robinson","905054719","wanda.robinson@empresa.com"
"986","Lowery, Fernandez and Mendoza","Caitlin Kelley","927251578","caitlin.kelley@negocio.net"
"987","Moore Inc","Roy Grant","916059258","roy.grant@proveedor.org"
"988","Stewart, Snyder and White","Tanya Waters","945583533","tanya.waters@proveedor.org"
"989","Neal Inc","Wayne Mendez","942846348","wayne.mendez@proveedor.org"
"990","Stanton, Butler and Marquez","Mr. Jeffrey Gordon","998182865","mr..jeffrey.gordon@marketplace.com"
"991","Malone-Edwards","Sarah Sanders","968123957","sarah.sanders@proveedor.org"
"992","Brown-Rodriguez","Madison Gonzalez","960473322","madison.gonzalez@marketplace.com"
"993","Lopez, Taylor and Johnson","Donald Dawson","995107073","donald.dawson@proveedor.org"
"994","Chan and Sons","Casey Bolton","959880536","casey.bolton@proveedor.org"
"995","Mclaughlin, Smith and Smith","Daniel Jimenez","902765240","daniel.jimenez@marketplace.com"
"996","Green-Henson","Robert Todd","940088421","robert.todd@empresa.com"
"997","Lynch-Lucas","Amy Lopez","969732120","amy.lopez@negocio.net"
"998","Simpson-Guerra","Lisa Hodges","992713210","lisa.hodges@proveedor.org"
"999","Richards, Jackson and Franklin","Sean Pacheco","934085450","sean.pacheco@negocio.net"
"1000","Alvarez, Jensen and Miller","Laura Lindsey","933901600","laura.lindsey@negocio.net"
